{
  "basics": {
    "name": "Jeanclyde Cruz",
    "label": "Student",
    "picture": "https://cruzjc.github.io/images/21Jan2017Headshot-300x300.jpg",
    "email": "cruzjc@hawaii.edu",
    "phone": "",
    "website": "https://cruzjc.github.io",
    "summary": "I am studying for a B.S. in Computer Science in the Department of Information and Computer Sciences at the University of Hawaii. I expect to graduate sometime in 2019.",
    "location": {
      "address": "",
      "postalCode": "96797",
      "city": "Honolulu",
      "countryCode": "USA",
      "region": "Hawaii"
    },
    "profiles": [
      {
        "network": "github",
        "username": "cruzjc",
        "url": "http://github.com/cruzjc"
      },
      {
        "network": "linkedin",
        "username": "cruzjc",
        "url": "http://linkedin.com/in/jeanclyde-cruz"
      }
    ]
  },
  "interests": [
    {
      "name": "Video games",
      "keywords": [
      ]
    },
    {
      "name": "Software Engineering",
      "keywords": [
      ]
    },
    {
      "name": "Virtual reality",
      "keywords": [
      ]
    }
  ],
  "skills": [
    {
      "name": "Languages and Frameworks",
      "level": "",
      "keywords": [
        "C",
        "C++",
        "Java",
        "Javascript"
      ]
    },
    {
      "name": "Toolsets/OS",
      "level": "",
      "keywords": [
        "Windows",
        "Git/GitHub"
      ]
    }
  ],
  "education": [
    {
      "institution": "University of Hawaii, Honolulu, HI",
      "area": "Computer Science",
      "studyType": "B.S.",
      "startDate": "2016",
      "endDate": "Present",
      "courses": [
      ]
    }
  ],
  "work": [
    {
      "company": "Leeward Community College",
      "position": "Technology Aide",
      "startDate": "2011-08",
      "endDate": "2013-07",
      "summary": "Work as an aide for the Education Media Center at LeewardCC",
      "highlights": [
        "Data entry",
        "Assist with workshops"
      ]
    }
  ],
  "references": [
    {
      "name": "Available upon request",
      "reference": ""
    }
  ]
}
